{"type": "metrics", "dataset": "train", "precision": 0.6157712849513038, "balanced_accuracy": 0.6697256228375282, "recall": 0.4148148148148148, "f1_score": 0.49570055639858374}
{"type": "metrics", "dataset": "test", "precision": 0.5882352941176471, "balanced_accuracy": 0.6766617922018157, "recall": 0.4354669464847849, "f1_score": 0.5004522158577027}
{"type": "cm_matrix", "dataset": "train", "true_0": {"predicted_0": 15005, "predicted_1": 1223}, "true_1": {"predicted_0": 2765, "predicted_1": 1960}}
{"type": "cm_matrix", "dataset": "test", "true_0": {"predicted_0": 6492, "predicted_1": 581}, "true_1": {"predicted_0": 1076, "predicted_1": 830}}
